SW5pY2lvIGRlIHNlc2nDs24gZmFsbGlkbyBwb3IgdXN1YXJpbyB2YWPDrW8=	0	passed		
SW5pY2lvIGRlIHNlc2nDs24gZmFsbGlkbyBwb3IgdXN1YXJpbyB2YWPDrW8=	1	passed	ZXYtMC0xLTAud2VicA==	
SW5pY2lvIGRlIHNlc2nDs24gZmFsbGlkbyBwb3IgdXN1YXJpbyB2YWPDrW8=	2	passed		
SW5pY2lvIGRlIHNlc2nDs24gZmFsbGlkbyBwb3IgdXN1YXJpbyB2YWPDrW8=	3	passed		
SW5pY2lvIGRlIHNlc2nDs24gZmFsbGlkbyBwb3IgY29udHJhc2XDsWEgdmFjw61h	0	passed		
SW5pY2lvIGRlIHNlc2nDs24gZmFsbGlkbyBwb3IgY29udHJhc2XDsWEgdmFjw61h	1	passed		
SW5pY2lvIGRlIHNlc2nDs24gZmFsbGlkbyBwb3IgY29udHJhc2XDsWEgdmFjw61h	2	passed		
SW5pY2lvIGRlIHNlc2nDs24gZmFsbGlkbyBwb3IgYW1ib3MgY2FtcG9zIHZhY8Otb3M=	0	passed		
SW5pY2lvIGRlIHNlc2nDs24gZmFsbGlkbyBwb3IgYW1ib3MgY2FtcG9zIHZhY8Otb3M=	1	passed		
SW5pY2lvIGRlIHNlc2nDs24gZmFsbGlkbyBwb3IgYW1ib3MgY2FtcG9zIHZhY8Otb3M=	2	passed		
ZHNk	0	passed		